{
	"name": "handlebars",
	"version": "1.1.4",
	"title": "Handlebars-based templating engine for jQuery",
	"author": {
		"name": "Alberto La Rocca",
		"email": "a71104@gmail.com",
		"url": "https://github.com/71104"
	},
	"licenses": [{
		"type": "MIT",
		"url": "https://raw.github.com/71104/jquery-handlebars/master/LICENSE"
	}],
	"dependencies": {
		"jquery": ">=1.0"
	},
	"description": "A templating engine for jQuery based on Handlebars.js",
	"keywords": [
		"template",
		"templating",
		"handlebars",
		"handlebars.js",
		"engine",
		"partial",
		"partials"
	],
	"homepage": "http://71104.github.io/jquery-handlebars",
	"download": "https://raw.github.com/71104/jquery-handlebars/release/jquery-handlebars-1.1.4.min.js",
	"bugs": "https://github.com/71104/jquery-handlebars/issues"
}
